Workbook

Sheet README
A1: DebugMate AI — RAG & QA Evaluation Workbook
A2: Member 4 deliverable: RAG knowledge base evaluation + AI response quality evaluation
A5: HOW TO USE THIS WORKBOOK
A7: 1. Test Cases sheet — log realistic (language, code, error) inputs, one per row. Aim for 20-40
A8: covering the common error types in the knowledge base. Yellow cells are for you to fill in.
A10: 2. Evaluation Rubric sheet — for each test case, score the AI's actual response against the 7
A11: criteria from the project proposal (Section 17): Correctness, Relevance, Clarity, Actionability,
A12: Educational Value, Consistency, Safety. Each is scored 1-5. The Overall Score is calculated
A13: automatically as the average of the 7 criteria.
A15: 3. RAG Comparison sheet — for a subset of test cases, run the AI both WITH and WITHOUT retrieved
A16: knowledge-base context, and compare Overall Scores side by side. This is the evidence for
A17: whether RAG measurably improves answer quality (a key AI-engineering deliverable).
... A29: Only edit yellow cells. Everything else (scores, averages, flags) calculates automatically.

Sheet Test Cases
A1: Test Case ID | B1: Error Type | C1: Language | D1: Code Snippet | E1: Error Message | F1: Intended Behavior (optional) | G1: Expected Root Cause | H1: Notes
A2: TC-001 | B2: NameError | C2: python | D2: print(username) | E2: NameError: name 'username' is not defined | F2: Print the user's name | G2: Variable used before it was defined | H2: From proposal example
A3: TC-002 | B3: TypeError | C3: python | D3: total = "Items: " + 5 | E3: TypeError: can only concatenate str (not "int") to str | F3: Show item count in a message | G3: String and int concatenated without conversion
A4: TC-003 | B4: IndexError | C4: python | D4: for i in range(len(items)+1): print(items[i]) | E4: IndexError: list index out of range | F4: Print every item in the list | G4: Off-by-one in range()
A5: TC-004 | B5: TypeError | C5: python | D5: age = 25 msg = "Age: " + age | E5: TypeError: can only concatenate str (not "int") to str | F5: Print a message showing the user's age | G5: String and int concatenated without str()
A6: TC-005 | B6: TypeError | C6: python | D6: total = None result = total + 5 | E6: TypeError: unsupported operand type(s) for +: 'NoneType' and 'int' | F6: Add 5 to a running total | G6: Variable holds None instead of a number
A7: TC-006 | B7: KeyError | C7: python | D7: user = {"name": "Sam"} print(user["email"]) | E7: KeyError: 'email' | F7: Print the user's email | G7: Key was never added to the dictionary
A8: TC-007 | B8: KeyError | C8: python | D8: data = {"Name": "Sam"} print(data["name"]) | E8: KeyError: 'name' | F8: Access the name field | G8: Case mismatch between key used and key stored
A9: TC-008 | B9: AttributeError | C9: python | D9: def get_user(): pass u = get_user() u.append("x") | E9: AttributeError: 'NoneType' object has no attribute 'append' | F9: Get a user object and add to it | G9: Function returns None implicitly, then .append() called on it
A10: TC-009 | B10: AttributeError | C10: python | D10: name = "sam" name.push("x") | E10: AttributeError: 'str' object has no attribute 'push' | F10: Modify a string | G10: Wrong method name; strings don't have .push()
A11: TC-010 | B11: ModuleNotFoundError | C11: python | D11: import requests requests.get('https://example.com') | E11: ModuleNotFoundError: No module named 'requests' | F11: Fetch data from a URL | G11: Package not installed in current environment
A12: TC-011 | B12: ModuleNotFoundError | C12: python | D12: from utils import helper | E12: ModuleNotFoundError: No module named 'utils' | F12: Import a local helper module | G12: Local file not in expected directory/path
A13: TC-012 | B13: IndentationError | C13: python | D13: if True: print('yes') | E13: IndentationError: expected an indented block after 'if' statement | F13: Print yes when condition is true | G13: Block body not indented under if
A14: TC-013 | B14: IndentationError | C14: python | D14: def greet(): print('hi') print('bye') | E14: IndentationError: inconsistent use of tabs and spaces | F14: Print two greetings | G14: Mixed tabs and spaces in the same block
... A24: TC-023 | B24: RecursionError | C24: python | D24: def countdown(n): print(n) countdown(n) | E24: RecursionError: maximum recursion depth exceeded | F24: Count down from a number | G24: Recursive call never decrements n

Sheet Evaluation Rubric
A1: Test Case ID | B1: Evaluator | C1: Date | D1: Correctness (1-5) | E1: Relevance (1-5) | F1: Clarity (1-5) | G1: Actionability (1-5) | H1: Educational Value (1-5) | I1: Consistency (1-5) | J1: Safety (1-5) | K1: Overall Score | L1: Comments
K2: =IFERROR(AVERAGE(D2:J2),"")
K3: =IFERROR(AVERAGE(D3:J3),"")
K4: =IFERROR(AVERAGE(D4:J4),"")
K5: =IFERROR(AVERAGE(D5:J5),"")
K6: =IFERROR(AVERAGE(D6:J6),"")
K7: =IFERROR(AVERAGE(D7:J7),"")
K8: =IFERROR(AVERAGE(D8:J8),"")
K9: =IFERROR(AVERAGE(D9:J9),"")
K10: =IFERROR(AVERAGE(D10:J10),"")
K11: =IFERROR(AVERAGE(D11:J11),"")
K12: =IFERROR(AVERAGE(D12:J12),"")
K13: =IFERROR(AVERAGE(D13:J13),"")
... K31: =IFERROR(AVERAGE(D31:J31),"")

Sheet RAG Comparison
A1: Test Case ID | B1: Without RAG — Overall Score | C1: With RAG — Overall Score | D1: Score Difference | E1: Retrieved Chunks Relevant? (Y/N) | F1: Notes
D2: =IFERROR(C2-B2,"") -> 0
D3: =IFERROR(C3-B3,"") -> 0
D4: =IFERROR(C4-B4,"") -> 0
D5: =IFERROR(C5-B5,"") -> 0
D6: =IFERROR(C6-B6,"") -> 0
D7: =IFERROR(C7-B7,"") -> 0
D8: =IFERROR(C8-B8,"") -> 0
D9: =IFERROR(C9-B9,"") -> 0
D10: =IFERROR(C10-B10,"") -> 0
D11: =IFERROR(C11-B11,"") -> 0
D12: =IFERROR(C12-B12,"") -> 0
D13: =IFERROR(C13-B13,"") -> 0
... D21: =IFERROR(C21-B21,"") -> 0
A24: Average score WITHOUT RAG: | B24: =IFERROR(AVERAGE(B2:B21),"")
A25: Average score WITH RAG: | C25: =IFERROR(AVERAGE(C2:C21),"")
A26: Net improvement from RAG: | D26: =IFERROR(C25-B24,"")

Sheet Summary Dashboard
A1: Evaluation Summary
A3: Criterion | B3: Average Score
A4: Correctness | B4: =IFERROR(AVERAGE('Evaluation Rubric'!D2:D31),"")
A5: Relevance | B5: =IFERROR(AVERAGE('Evaluation Rubric'!E2:E31),"")
A6: Clarity | B6: =IFERROR(AVERAGE('Evaluation Rubric'!F2:F31),"")
A7: Actionability | B7: =IFERROR(AVERAGE('Evaluation Rubric'!G2:G31),"")
A8: Educational Value | B8: =IFERROR(AVERAGE('Evaluation Rubric'!H2:H31),"")
A9: Consistency | B9: =IFERROR(AVERAGE('Evaluation Rubric'!I2:I31),"")
A10: Safety | B10: =IFERROR(AVERAGE('Evaluation Rubric'!J2:J31),"")
A12: Overall Average (all test cases) | B12: =IFERROR(AVERAGE('Evaluation Rubric'!K2:K31),"")
A14: Test cases scoring below 3.0 (need review):
A15: Count: | B15: =IFERROR(COUNTIF('Evaluation Rubric'!K2:K31,"<3")-COUNTIF('Evaluation Rubric'!K2:K31,""),0) -> -30
A18: Tip: re-check the Evaluation Rubric sheet and filter Overall Score < 3.0 to find and fix weak responses before the demo.
